country,coverage_months,observed_months,total_events,events_per_month,global_share,fatalities_per_event,baseline_std
UA,103,103,328634,3190.621359223301,0.10668778126008413,0.8005227700116239,2360.3237729052853
IN,127,127,212915,1676.4960629921259,0.06912075119126693,0.06521381772068666,535.7661358715244
SY,115,115,152009,1321.817391304348,0.04934822003068499,0.9437138590478196,642.9917246422477
MX,103,103,121793,1182.4563106796118,0.03953889415888017,0.5770610790439517,250.31447315304015
PK,199,199,116543,585.643216080402,0.03783453352785769,0.49356889731687015,253.1539312478472
BR,103,103,114779,1114.3592233009708,0.037261868355834143,0.5505362479199156,415.9192148587477
YE,139,139,114109,820.9280575539568,0.03704435947530365,1.4665714360830433,260.0929452100258
MM,199,199,108188,543.6582914572864,0.03512216532363049,1.0122009834732133,686.9666584106795
US,79,79,103638,1311.873417721519,0.03364505277674434,0.005065709488797546,812.2216659322984
PS,127,127,96038,756.2047244094488,0.031177787863264177,0.7578770903184157,612.9638123521408
AF,115,115,69711,606.1826086956522,0.022630987418896784,2.9293081436215234,499.0044799417039
IQ,127,127,68680,540.7874015748032,0.022296283454975988,1.5695253348864298,233.68157990342664
RU,103,103,60825,590.5339805825242,0.019746235310846162,0.1255076037813399,681.58528539905
SO,353,346,57057,161.6345609065156,0.018522991337952315,1.655923024344077,141.83264145574628
NG,354,354,50650,143.07909604519773,0.0164430220878645,2.841401776900296,180.48855375785175
TR,127,127,50526,397.84251968503935,0.016402766712960346,0.1921980762379765,206.53811015883218
KR,103,103,47809,464.1650485436893,0.01552071950639119,2.0916563826894516e-05,126.43461006803436
TF,79,79,47178,597.1898734177215,0.015315871590548298,0.0012505828988087669,326.8104035942741
CD,353,353,45911,130.05949008498584,0.01490455255826154,2.1693929559364857,151.87257733721637
LB,127,127,43867,345.40944881889766,0.014240988152583454,0.19290126974719038,537.625625009286
IR,127,127,41630,327.79527559055117,0.01351476820370778,0.8073985106894067,334.50961495503384
SD,355,355,40354,113.67323943661972,0.013100527410339268,3.6322545472567773,171.78804575451093
CO,103,103,38040,369.3203883495146,0.012349310172208599,0.42676130389064143,181.4892124742112
BD,199,199,35314,177.4572864321608,0.011464341204557688,0.23789431953332957,113.45314014923508
IT,79,79,29550,374.0506329113924,0.009593115551755103,0.00013536379018612522,219.60170497679053
VE,103,103,29505,286.45631067961165,0.009578506746346338,0.46534485680393156,129.58925227361843
DE,79,79,28064,355.24050632911394,0.009110700333145691,0.0019954389965792475,228.0793896420509
ID,139,139,26976,194.07194244604315,0.008757491882373795,0.07176749703440095,150.68728113144803
NP,198,198,26216,132.40404040404042,0.008510765391025778,0.015067134574305767,123.44421053653454
ES,79,79,26041,329.63291139240505,0.008453953369991695,0.00030720786452133173,148.13449048506777
ZA,354,353,24928,70.4180790960452,0.00809262891621493,0.14297175866495507,70.70328955128096
CM,353,249,24742,70.09065155807366,0.008032245853858705,0.8199013822649746,134.6602176537512
KE,354,353,21431,60.53954802259887,0.006957362415893861,0.7359432597638934,85.4546489286834
IL,127,127,20976,165.16535433070865,0.006809651161205246,0.10092486651411137,180.74477432375988
AR,103,103,19513,189.44660194174756,0.006334702665360315,0.0067647209552605956,82.76821398178623
PH,127,127,19142,150.7244094488189,0.00621426118076806,0.9737227040016717,101.20795440132197
AZ,102,102,19039,186.65686274509804,0.006180823248388,0.4095803351016335,248.05927087022457
ET,354,339,18682,52.77401129943503,0.006064926725478471,4.560486029333048,81.18076225772727
CN,103,103,18243,177.11650485436894,0.005922409712712972,0.0059200789343857915,88.10610339667237
EC,103,103,17599,170.8640776699029,0.005713341475307548,0.7527700437524859,177.29932173103546
SS,182,181,17440,95.82417582417582,0.005661723696196581,3.0311926605504587,60.80930260791841
CL,103,103,16199,157.27184466019418,0.005258845307034886,0.015062658188777086,160.92355986585122
MA,354,297,16115,45.5225988700565,0.005231575536938527,0.026000620539869686,86.71712436873467
ML,354,247,15404,43.51412429378531,0.0050007564114800535,2.0990002596728123,66.00724214200736
BF,353,225,14559,41.243626062322946,0.004726435509915483,2.415001030290542,70.59365924544406
BH,127,127,14488,114.07874015748031,0.004703386061381655,0.0017945886250690225,110.16577389096614
JP,103,103,14485,140.63106796116506,0.004702412141021071,6.903693476009665e-05,53.44882141366584
TH,199,199,13477,67.72361809045226,0.004375174899864755,0.2572530978704459,43.545724769526934
PE,103,103,13274,128.873786407767,0.004309272955465219,0.028326050926623474,144.495686743947
HT,103,103,13231,128.45631067961165,0.004295313430296844,1.2285541531252362,77.99549111924743
LY,355,231,13214,37.222535211267605,0.004289794548253533,1.8288935976994096,53.587349245941496
DZ,354,351,12869,36.35310734463277,0.004177793706786342,1.0747532830833786,53.93747325763282
EG,355,305,12188,34.332394366197185,0.0039567137849337115,1.2671480144404332,56.198611016487796
HN,103,103,12080,117.28155339805825,0.003921652651952678,0.49403973509933774,41.46408376230143
TN,343,220,11827,34.481049562682216,0.003839518701543404,0.07550519996617908,48.99734111969029
BI,354,341,11304,31.93220338983051,0.0036697319186815456,2.182855626326964,37.76414962421355
GT,103,103,10928,106.09708737864078,0.0035476672334883164,0.589586383601757,71.53782549779893
CA,67,67,9949,148.49253731343285,0.0032298445558176484,0.002010252286661976,56.351342707209064
UG,355,353,9877,27.822535211267606,0.003206470467163626,1.6866457426344033,25.35860104764911
FK,79,79,9741,123.30379746835443,0.003162319410817139,0.0014372241043014065,70.05212425159934
LK,199,199,9403,47.25125628140704,0.00305259105019131,0.05668403700946507,37.62973786499968
CF,355,323,9263,26.092957746478874,0.0030071414333640444,2.1595595379466697,30.55108547410553
BO,103,103,9197,89.29126213592232,0.0029857151854311903,0.018158095030988367,60.579023423867916
PL,79,79,9074,114.86075949367088,0.002945784450647235,0.001763279700242451,129.04338728487724
GR,103,103,8106,78.69902912621359,0.002631532814298709,0.05650135701949174,69.41011299130099
SE,79,79,7888,99.84810126582279,0.0025607612680962517,0.0002535496957403651,34.50668201942553
RS,103,103,7540,73.20388349514563,0.002447786506268476,0.004111405835543766,97.3248348576256
TW,103,103,7487,72.68932038834951,0.0024305805798981537,0.0,37.38231478602454
AM,103,103,7444,72.27184466019418,0.002416621054729779,0.04124126813541107,62.55501565802593
PY,103,103,7073,68.66990291262135,0.002296179570137524,0.020359112116499364,47.37546543553206
ZW,350,344,6822,19.49142857142857,0.0022146948999686397,0.09484022280856054,24.284237938319126
NE,354,263,6015,16.991525423728813,0.00195271032297147,2.2121363258520366,28.293107432404046
KZ,103,103,5840,56.699029126213595,0.0018958983019373872,0.049143835616438356,32.41443851588552
MZ,350,262,5756,16.445714285714285,0.0018686285318410276,1.374739402362752,28.642449444907495
GE,103,103,5654,54.89320388349515,0.0018355152395811622,0.0017686593562079944,30.005149273733235
NL,79,79,5608,70.9873417721519,0.0018205817940522035,0.0007132667617689016,32.41327032148754
BE,79,79,5467,69.20253164556962,0.0017748075371047426,0.0016462410828608012,41.084161766076605
BG,103,103,5089,49.407766990291265,0.001652093571671124,0.0005895067793279622,37.5299070110277
SL,354,246,5011,14.155367231638419,0.0016267716422959327,0.06525643584114947,37.99354891726249
MG,348,233,4990,14.339080459770114,0.001619954199771843,0.9074148296593186,22.203214307645354
SV,103,103,4608,44.737864077669904,0.0014959416738574453,0.6664496527777778,32.233360625063725
AU,66,66,4508,68.3030303030303,0.0014634776618379695,0.00510204081632653,25.250244341433845
AO,355,268,4224,11.898591549295775,0.0013712798677026582,34.15838068181818,25.172774768895906
BY,103,102,4156,40.349514563106794,0.0013492043395294147,0.0052935514918190565,85.0174977692758
JO,126,123,4147,32.91269841269841,0.0013462825784476618,0.049192187123221605,30.959015365497475
PA,103,103,3999,38.8252427184466,0.0012982358406588377,0.008252063015753939,38.98927589286349
RO,102,102,3799,37.245098039215684,0.001233307816619886,0.0015793629902605948,24.76019745340422
GH,352,238,3729,10.59375,0.001210583008206253,0.45508179136497723,17.242661997373894
TT,103,103,3709,36.00970873786408,0.001204090205802358,0.5413858182798598,15.114125808140297
SA,138,119,3704,26.840579710144926,0.001202467005201384,1.755669546436285,32.515825885209644
JM,103,103,3553,34.49514563106796,0.0011534463470519755,0.7534477905994934,13.266406795008068
CI,354,294,3364,9.502824858757062,0.0010920893643351663,1.286860879904875,13.179389959470386
GN,344,265,3317,9.642441860465116,0.0010768312786860125,1.0952668073560445,15.789956731169381
GL,79,79,3271,41.40506329113924,0.0010618978331570538,0.0003057169061449098,27.391451584987298
PT,78,78,3014,38.64102564102564,0.0009784653222670008,0.0009953550099535502,20.237040398147787
NO,79,79,2683,33.962025316455694,0.000871009442482536,0.0014908684308609765,18.21909072330914
PR,103,103,2667,25.893203883495147,0.0008658152005594199,0.5433070866141733,11.885303498425847
CY,102,102,2610,25.58823529411765,0.0008473107137083187,0.008045977011494253,12.507529450864567
KH,198,195,2488,12.565656565656566,0.0008077046190445581,0.10128617363344052,9.272160586543942
MR,352,234,2470,7.017045454545454,0.0008018610968810525,0.06761133603238867,10.885496205240141
CR,103,103,2412,23.41747572815534,0.0007830319699097566,0.019071310116086235,36.29665374713903
TD,353,265,2388,6.764872521246459,0.0007752406070250824,4.8626465661641545,8.697869300362326
KG,103,103,2380,23.106796116504853,0.0007726434860635243,0.05168067226890756,14.526114830374556
AT,79,79,2354,29.79746835443038,0.0007642028429384605,0.0033984706881903144,18.424240874961953
SN,352,304,2332,6.625,0.0007570607602941759,0.6672384219554031,8.151355854870236
MD,103,103,2212,21.475728155339805,0.000718103945870805,0.00135623869801085,14.502657714380126
CZ,78,78,2053,26.32051282051282,0.0006664861667598383,0.000974184120798831,35.61240549833781
NI,102,101,2024,19.84313725490196,0.0006570716032741904,0.2450592885375494,42.18743077799154
IE,79,79,1969,24.924050632911392,0.0006392163966634787,0.0,14.279109421488933
FI,78,78,1957,25.08974358974359,0.0006353207152211416,0.001021972406745018,11.310519153601986
BJ,345,166,1940,5.6231884057971016,0.0006298018331778307,0.7345360824742269,11.15906267072378
TZ,349,276,1872,5.363896848137536,0.0006077263050045872,0.8242521367521367,11.618430312372542
LR,354,297,1866,5.271186440677966,0.0006057784642834186,0.6822079314040729,6.444891574411306
CU,102,97,1814,17.784313725490197,0.0005888971780332912,0.018743109151047408,25.083244720440334
MY,103,103,1777,17.25242718446602,0.0005768854935860852,0.032076533483398985,11.255823473648679
MW,351,229,1745,4.971509971509971,0.0005664970097398529,0.26876790830945557,6.996074418139474
ME,102,101,1741,17.068627450980394,0.0005651984492590739,0.0017231476163124641,16.39180797545971
ZM,352,272,1606,4.5625,0.0005213720330327815,0.22353673723536738,5.327518877147564
BA,102,101,1599,15.676470588235293,0.0005190995521914182,0.010631644777986242,10.229869533894727
PG,66,66,1557,23.59090909090909,0.0005054646671432384,0.9203596660244059,10.341117214022853
HR,102,101,1531,15.009803921568627,0.0004970240240181747,0.012410189418680601,9.803455871292368
MK,102,102,1524,14.941176470588236,0.0004947515431768113,0.0013123359580052493,10.193061393747282
AL,102,102,1496,14.666666666666666,0.00048566161981135813,0.00267379679144385,14.232201360139463
HU,78,78,1480,18.974358974358974,0.000480467377888242,0.0006756756756756757,18.153176142930626
CH,78,78,1366,17.512820512820515,0.00044345840418603955,0.0014641288433382138,9.221968739337756
NA,354,251,1285,3.6299435028248586,0.0004171625544502642,0.22334630350194554,4.484915898684946
XK,103,103,1265,12.281553398058252,0.000410669752046369,0.007905138339920948,8.758260983267862
BZ,103,103,1252,12.155339805825243,0.00040644943048383713,0.4073482428115016,7.300428610310544
SK,77,77,1239,16.09090909090909,0.0004022291089213053,0.002421307506053269,17.23646227162309
NZ,66,66,1199,18.166666666666668,0.000389243504113515,0.0008340283569641367,12.199830268731553
UZ,103,102,1182,11.475728155339805,0.00038372462207020405,0.046531302876480544,8.37222019966816
DO,102,102,1095,10.735294117647058,0.00035548093161326015,0.12146118721461187,8.284081676759367
RW,354,233,875,2.4717514124293785,0.0002840601051704133,8.637714285714285,3.622831521336526
SZ,353,169,865,2.45042492917847,0.00028081370396846575,0.1722543352601156,5.314841701532892
TG,354,184,831,2.347457627118644,0.000269775939881844,0.8543922984356197,3.8898181997023475
MN,102,102,782,7.666666666666667,0.0002538685739923008,0.0012787723785166241,5.724617177599333
MU,78,78,743,9.525641025641026,0.00024120760930470528,0.016150740242261104,4.436805153903145
SI,78,77,718,9.205128205128204,0.0002330916062998363,0.001392757660167131,6.194205262155695
LT,79,79,646,8.177215189873417,0.00020971751764581374,0.0015479876160990713,6.02685864744022
GY,103,98,644,6.252427184466019,0.00020906823740542423,0.03571428571428571,8.07815999260086
UY,102,100,598,5.862745098039215,0.00019413479187646536,0.011705685618729096,4.132698913249549
GA,346,163,572,1.653179190751445,0.00018569414875140163,0.07867132867132867,2.7645471793078515
VN,183,139,570,3.1147540983606556,0.00018504486851101212,0.2596491228070175,3.804362008895005
CG,353,177,555,1.5722379603399435,0.00018017526670809075,1.2468468468468468,3.0288545932977504
KP,102,88,478,4.686274509803922,0.00015517797745309437,0.29497907949790797,4.383526184135017
EE,79,74,457,5.784810126582278,0.00014836053492900446,0.002188183807439825,5.96545092266993
MV,78,75,450,5.769230769230769,0.00014608805408764113,0.0022222222222222222,4.66553945247953
NC,65,56,434,6.676923076923077,0.000140893812164525,0.04377880184331797,11.490608462576589
ER,351,141,424,1.207977207977208,0.00013764741096257744,128.3443396226415,4.589663123718789
MT,78,77,414,5.3076923076923075,0.00013440100976062986,0.0,2.843380492173737
GW,350,156,403,1.1514285714285715,0.0001308299684384875,2.4491315136476426,2.577359826153381
KW,126,66,368,2.9206349206349205,0.00011946756423167097,0.04076086956521739,13.781516938301289
LV,78,75,355,4.551282051282051,0.00011524724266913913,0.011267605633802818,3.6114044284859736
IS,77,70,321,4.1688311688311686,0.00010420947858251736,0.009345794392523364,4.185325624355367
CV,78,75,320,4.102564102564102,0.00010388483846232259,0.0,3.55033311398379
GM,350,158,319,0.9114285714285715,0.00010356019834212783,0.48589341692789967,1.4757606132957684
SR,101,84,308,3.0495049504950495,9.99891570199855e-05,0.03896103896103896,3.0745722961789235
AE,110,30,269,2.4454545454545453,8.732819233238992e-05,0.07063197026022305,13.514023937199704
KM,78,67,268,3.4358974358974357,8.700355221219517e-05,0.048507462686567165,4.921407302351072
LS,351,111,262,0.7464387464387464,8.505571149102662e-05,0.9312977099236641,1.6610444046003914
LU,77,69,252,3.272727272727273,8.180931028907905e-05,0.0,2.3775812419312765
DJ,345,110,227,0.6579710144927536,7.36933072842101e-05,0.7400881057268722,1.4582504702356345
TJ,101,64,197,1.9504950495049505,6.395410367836734e-05,1.350253807106599,2.5499999519462713
BW,345,99,171,0.4956521739130435,5.551346055330363e-05,0.2046783625730994,1.0104432637025895
QA,111,31,154,1.3873873873873874,4.999457850999275e-05,0.08441558441558442,5.554271420455898
BS,101,74,153,1.5148514851485149,4.966993838979799e-05,0.0392156862745098,1.4597833922198062
AG,100,72,144,1.44,4.6748177308045166e-05,0.04861111111111111,1.4987995196156156
GQ,348,65,88,0.25287356321839083,2.8568330577138713e-05,1.7613636363636365,0.629146307282943
TL,77,50,88,1.1428571428571428,2.8568330577138713e-05,0.045454545454545456,1.2660839072159937
DM,99,47,87,0.8787878787878788,2.8243690456943956e-05,0.011494252873563218,1.4090094469772934
OM,120,26,73,0.6083333333333333,2.369872877421734e-05,0.273972602739726,2.106718749356185
LC,93,41,66,0.7096774193548387,2.1426247932854034e-05,0.015151515151515152,1.022127710822894
FJ,63,37,61,0.9682539682539683,1.9803047331880243e-05,0.03278688524590164,1.1948069375592898
TM,100,39,58,0.58,1.882912697129597e-05,0.6379310344827587,0.8852118390532291
LA,185,44,56,0.3027027027027027,1.8179846730906452e-05,0.7857142857142857,0.678028336522767
SB,65,23,55,0.8461538461538461,1.7855206610711695e-05,0.16363636363636364,1.9472329024365218
ST,69,34,52,0.7536231884057971,1.6881286250127422e-05,0.11538461538461539,0.9232236700656804
SG,74,26,37,0.5,1.2011684447206049e-05,0.0,0.9760649070132081
SM,69,23,36,0.5217391304347826,1.1687044327011291e-05,0.0,0.8782178207271372
AD,77,29,35,0.45454545454545453,1.1362404206816534e-05,0.0,0.6750748788762091
SC,73,21,30,0.410958904109589,9.739203605842743e-06,0.06666666666666667,0.7371848792917102
BB,101,24,29,0.2871287128712871,9.414563485647985e-06,0.06896551724137931,0.5687685788651513
GD,97,20,29,0.29896907216494845,9.414563485647985e-06,0.0,0.7203227863737494
WS,56,12,25,0.44642857142857145,8.116003004868952e-06,0.0,1.084297713090019
MC,74,19,23,0.3108108108108108,7.466722764479436e-06,0.0,0.5910521007737578
VU,60,14,17,0.2833333333333333,5.518882043310887e-06,0.058823529411764705,0.5505048188304582
LI,44,9,15,0.3409090909090909,4.8696018029213714e-06,0.0,0.8775788443776283
BT,68,11,12,0.17647058823529413,3.895681442337097e-06,0.08333333333333333,0.4180197177515263
KN,92,10,10,0.10869565217391304,3.246401201947581e-06,0.1,0.31125697963644244
VC,73,10,10,0.136986301369863,3.246401201947581e-06,0.2,0.34383288761674335
VA,76,8,9,0.11842105263157894,2.921761081752823e-06,0.0,0.36154293852721275
AQ,38,6,8,0.21052631578947367,2.597120961558065e-06,0.0,0.5692975698101036
TO,51,5,6,0.11764705882352941,1.9478407211685486e-06,0.0,0.3781823827840375
MH,10,3,5,0.5,1.6232006009737904e-06,0.0,0.9219544457292888
KI,32,2,3,0.09375,9.739203605842743e-07,0.0,0.38400642898264087
NR,17,3,3,0.17647058823529413,9.739203605842743e-07,0.0,0.3812200410828153
PW,5,3,3,0.6,9.739203605842743e-07,0.0,0.48989794855663565
BN,45,2,2,0.044444444444444446,6.492802403895162e-07,0.0,0.20608041101101565
FM,21,2,2,0.09523809523809523,6.492802403895162e-07,0.0,0.29354352395090366
TV,1,1,1,1.0,3.246401201947581e-07,0.0,0.0
